{"cameraMode":{"drawMode":0,"name":"Shaded","section":"Shading Mode"},"sceneLighting":false,"audioPlay":false,"sceneViewState":{"showFog":true,"showMaterialUpdate":false,"showSkybox":false,"showFlares":true,"showImageEffects":true,"showParticleSystems":true},"in2DMode":false,"pivot":{"x":0.0000017881393432617188,"y":1.4133654832839966,"z":0.0016335844993591309},"rotation":{"x":-0.13661178946495057,"y":0.5704973340034485,"z":-0.09693145751953125,"w":-0.8040363192558289},"size":7.351100921630859,"orthographic":false}