{"cameraMode":{"drawMode":0,"name":"Shaded","section":"Shading Mode"},"sceneLighting":true,"audioPlay":false,"sceneViewState":{"showFog":true,"showMaterialUpdate":false,"showSkybox":true,"showFlares":true,"showImageEffects":true,"showParticleSystems":true},"in2DMode":false,"pivot":{"x":0.0,"y":0.8445510864257813,"z":-0.009954571723937989},"rotation":{"x":0.09886275231838227,"y":-0.6887331008911133,"z":0.09565334022045136,"w":0.7118450999259949},"size":7.009093284606934,"orthographic":true}